,bendr,biot,brainomni,cbramod,eegmamba,femba,labram,neurogpt,neurolm,reve
ad65,0,0,0,0,0,0,0,0,0,0
adhd,0,0,0,0,0,0,0,0,0,0
awakening,0,0,1,0,0,0,0,0,0,0
bcic2a,0,0,0,0,0,0,1,0,1,0
bcic41,0,0,0,0,0,0,0,0,0,0
bcispeech,0,0,0,0,0,0,0,0,0,0
benchmarkssvep,0,0,0,0,0,0,0,0,0,0
betassvep,0,0,0,0,0,0,0,0,0,0
broderickcp,0,0,0,0,0,0,0,0,0,0
broderickrev,0,0,0,0,0,0,0,0,0,0
chineseeeg2ratone,0,0,0,0,0,0,0,0,0,0
cire,0,0,0,0,0,0,0,0,0,0
deaparousal,0,0,0,0,0,0,0,0,0,0
deapvalence,0,0,0,0,0,0,0,0,0,0
depressionrest,0,0,0,0,0,0,0,0,0,0
dualfreqssvep,0,0,0,0,0,0,0,0,0,0
eegmat,0,0,0,0,0,0,0,0,0,0
eegmortalitypd,0,0,0,0,0,0,0,0,0,0
eegsvrec,0,0,0,0,0,0,0,0,0,0
emoeeg,0,0,0,0,0,0,0,0,0,0
exoeegwalkstop,0,0,0,0,0,0,0,0,0,0
facednew,0,0,0,0,0,0,0,0,0,0
hbneeg,0,0,1,0,0,0,0,0,0,0
hfo,0,0,1,0,0,0,0,0,0,0
hmc,0,0,0,0,0,0,0,0,0,0
isrucs1,0,0,0,0,0,0,0,0,0,0
isrucs2,0,0,0,0,0,0,0,0,0,0
isrucs3,0,0,0,0,0,0,0,0,0,0
lemonage,0,0,0,0,0,0,0,0,0,0
lemonextraversion,0,0,0,0,0,0,0,0,0,0
lemongender,0,0,0,0,0,0,0,0,0,0
mdd,0,0,0,0,0,0,0,0,0,0
modma,0,0,0,0,0,0,0,0,0,0
monitoringerrp,0,0,0,0,0,0,0,0,0,0
musiceeg,0,0,1,0,0,0,0,0,0,0
pd31,0,0,0,0,0,0,0,0,0,0
pearlneuro,0,0,1,0,0,0,0,0,0,0
physionetmi,0,0,0,0,1,0,0,0,0,1
restcog,0,0,1,0,0,0,0,0,0,0
seed,0,0,0,0,0,0,1,0,0,0
seedfra,0,0,0,0,0,0,1,0,1,0
seediv,0,0,0,0,0,0,1,0,1,0
seedv,0,0,0,0,0,0,0,0,1,0
seedvig,0,0,0,0,0,0,0,0,0,0
seedvii,0,0,0,0,0,0,0,0,0,0
shumi,0,0,0,0,0,0,0,0,0,0
sienaeeg,0,0,0,0,1,0,1,0,1,0
sleepedffull,0,0,0,0,0,0,0,0,0,0
ssvep,0,0,0,0,0,0,0,0,0,0
tdbrain,0,0,0,0,0,0,0,0,0,0
thingseeg2,0,0,0,0,0,0,0,0,0,0
tuab,1,0,0,1,1,1,0,1,1,1
tuep,1,0,0,1,1,1,1,1,1,1
tuev,1,0,0,1,1,1,0,1,1,1
tusl,1,0,0,1,1,1,1,1,1,1
workload,0,0,0,0,0,0,0,0,0,0
